{
  "project_info": {
    "project_number": "701540815408",
    "project_id": "practicas2122-a5329",
    "storage_bucket": "practicas2122-a5329.appspot.com"
  },
  "client": [
    {
      "client_info": {
        "mobilesdk_app_id": "1:701540815408:android:6bd0ee5800cf53cff653f5",
        "android_client_info": {
          "package_name": "es.fesac.practica"
        }
      },
      "oauth_client": [
        {
          "client_id": "701540815408-8peumrt6qs8t8b4orgbpmdki3si243dk.apps.googleusercontent.com",
          "client_type": 3
        }
      ],
      "api_key": [
        {
          "current_key": "AIzaSyBxfSRjLlDWGcLtkOzHxHE-6SMQkL59Z-Y"
        }
      ],
      "services": {
        "appinvite_service": {
          "other_platform_oauth_client": [
            {
              "client_id": "701540815408-8peumrt6qs8t8b4orgbpmdki3si243dk.apps.googleusercontent.com",
              "client_type": 3
            }
          ]
        }
      }
    }
  ],
  "configuration_version": "1"
}